Designator,Mid X,Mid Y,Rotation,Layer
C1,62.61,-71.065,90.0,top
C10,32.51,-51.28,0.0,top
C11,39.94,-62.14,90.0,bottom
C12,42.36,-63.0975,90.0,bottom
C13,45.64,-61.01,0.0,bottom
C14,45.64,-59.54,0.0,bottom
C15,38.47,-62.135,90.0,bottom
C16,38.44,-58.37,270.0,bottom
C17,42.77,-53.955,270.0,top
C18,37.35,-81.735,0.0,top
C19,62.17,-74.155,270.0,top
C2,67.31445,-71.97285,0.0,bottom
C20,53.47,-72.745,90.0,top
C21,31.345,-80.365,0.0,top
C22,30.56,-70.35,90.0,top
C23,47.35,-73.275,270.0,top
C24,31.34,-81.845,0.0,top
C25,53.91,-47.18,0.0,top
C26,47.865,-44.19,0.0,top
C27,42.238,-36.288,270.0,top
C28,64.39,-36.85,270.0,bottom
C29,47.86,-45.69,0.0,top
C3,60.41,-64.29,180.0,bottom
C30,108.45,-83.0,180.0,bottom
C31,112.13,-91.38,90.0,bottom
C32,108.1325,-78.145,180.0,top
C33,111.445,-84.47,0.0,bottom
C34,78.95,-37.25,0.0,bottom
C35,72.46,-36.24,0.0,bottom
C36,82.175,-37.8,0.0,bottom
C37,81.925,-36.15,180.0,bottom
C38,81.925,-40.15,0.0,bottom
C39,84.16,-40.905,270.0,bottom
C4,74.84,-51.875,90.0,bottom
C40,75.475,-40.55,0.0,bottom
C41,115.92,-63.3,0.0,top
C42,108.23,-56.73,0.0,bottom
C43,28.795,-83.13,0.0,bottom
C44,28.805,-93.58,180.0,bottom
C45,69.94,-90.22,270.0,bottom
C46,67.57,-63.725,270.0,bottom
C47,88.385,-87.57,180.0,bottom
C48,80.31,-77.28,0.0,bottom
C49,66.09,-63.72,270.0,bottom
C5,69.05,-63.73,270.0,bottom
C50,92.35,-87.9,0.0,bottom
C51,68.24,-56.91,90.0,bottom
C52,88.74,-68.06,0.0,bottom
C53,82.67,-68.08,0.0,bottom
C54,71.47,-56.92,270.0,bottom
C55,72.96,-56.92,270.0,bottom
C6,59.48,-49.53,270.0,bottom
C7,70.43,-50.15,180.0,bottom
C8,66.92,-48.89,0.0,bottom
C9,59.42,-56.385,270.0,bottom
D1,81.37,-57.69,180.0,top
D10,57.1825,-41.23,0.0,top
D2,59.89,-83.58,180.0,top
D3,84.23,-40.8925,270.0,top
D4,96.09,-73.56,90.0,top
D5,101.44,-55.94,90.0,top
D6,34.67,-43.9125,270.0,top
D7,37.1675,-60.26,0.0,top
D8,40.14,-75.905,0.0,top
D9,52.4025,-67.965,0.0,top
J1,79.618925,-86.9,0.0,top
J10,98.45095,-84.170001,180.0,top
J11,79.1,-33.2,0.0,top
J12,89.899999,-34.1,0.0,top
J13,122.27,-58.84,90.0,top
J14,29.675,-88.75,270.0,top
J15,46.8,-90.4,180.0,top
J16,50.35,-90.4,180.0,top
J17,53.9,-90.4,180.0,top
J18,57.46,-90.4,180.0,top
J19,61.022,-90.394,180.0,top
J2,124.74,-41.49,180.0,top
J20,64.57,-90.39,180.0,top
J3,110.76,-32.39,90.0,top
J4,48.42,-55.4,0.0,top
J5,74.0,-70.91,0.0,top
J6,30.415,-36.668,270.0,top
J7,29.866112,-60.26,270.0,top
J8,123.88095,-71.770001,90.0,top
J9,121.75095,-86.070001,90.0,top
JP1,108.14,-91.5,0.0,top
JP10,83.1,-46.72,0.0,top
JP11,83.1,-49.05,0.0,top
JP12,83.1,-51.375,0.0,top
JP13,69.1536,-33.93,180.0,top
JP14,52.57,-70.015,180.0,top
JP2,108.15,-86.86,0.0,top
JP3,108.14095,-89.170001,0.0,top
JP4,93.35,-46.72,0.0,top
JP5,93.35,-49.04,0.0,top
JP6,93.35,-51.35,0.0,top
JP7,88.17,-46.72,180.0,top
JP8,88.17,-49.04,180.0,top
JP9,88.17,-51.375,180.0,top
L1,39.78,-70.405,0.0,top
L2,58.29,-34.66,0.0,top
L3,69.86,-56.65,90.0,bottom
MOSFET1,34.64,-76.005,270.0,top
MOSFET2,51.599999,-39.78745,270.0,top
PDED1,100.84,-32.38,90.0,top
Q1,73.38,-88.04,0.0,top
Q2,82.0,-44.15,0.0,bottom
Q3,98.58,-73.58,180.0,top
Q4,100.65,-58.89,0.0,bottom
Q5,30.76,-44.0,90.0,top
R1,67.31445,-73.46285,0.0,bottom
R10,98.72,-75.83,180.0,top
R11,102.99,-58.9,90.0,bottom
R12,74.79,-63.775,90.0,bottom
R13,73.32,-63.78,90.0,bottom
R14,45.47,-62.25,270.0,top
R15,46.96,-62.25,270.0,top
R16,48.45,-62.25,270.0,top
R17,35.03,-46.998,0.0,top
R18,39.51,-49.65,90.0,top
R19,41.26,-47.525,90.0,top
R2,67.31445,-70.48285,0.0,bottom
R20,44.57,-49.52,90.0,top
R21,42.83,-47.52,90.0,top
R22,41.3,-53.95,270.0,top
R23,55.3875,-67.965,180.0,top
R24,34.28,-73.105,180.0,top
R25,31.35,-78.885,180.0,top
R26,32.04,-70.35,270.0,top
R27,29.08,-70.35,90.0,top
R28,43.74,-40.43,270.0,top
R29,51.24,-36.64,180.0,top
R3,76.77,-63.775,270.0,bottom
R30,47.865,-42.69,180.0,top
R31,43.728,-36.288,90.0,top
R32,45.22,-36.29,270.0,top
R33,102.13,-70.25,90.0,top
R34,65.19,-83.93,0.0,top
R35,78.825,-42.15,0.0,bottom
R36,104.61,-60.845,270.0,top
R37,108.45,-84.47,0.0,bottom
R38,108.45,-81.52,0.0,bottom
R39,95.91,-89.415,270.0,bottom
R4,56.895,-83.58,0.0,top
R40,95.9,-86.43,270.0,bottom
R41,95.91,-83.14,270.0,bottom
R42,91.55,-44.81,0.0,top
R43,97.21,-48.62,90.0,top
R44,70.41,-48.64,180.0,bottom
R45,112.34,-56.75,180.0,top
R46,28.8,-90.59,0.0,bottom
R47,28.8,-89.09,0.0,bottom
R48,28.8,-87.59,0.0,bottom
R49,28.8,-86.1,0.0,bottom
R5,85.81,-44.125,90.0,bottom
R50,28.8,-84.6,0.0,bottom
R51,28.8,-92.09,0.0,bottom
R52,80.64,-81.87,0.0,top
R54,88.385,-89.03,180.0,bottom
R55,80.32,-78.76,0.0,bottom
R58,88.38262,-86.11,180.0,bottom
R59,80.31,-75.8,0.0,bottom
R6,96.84,-71.32,180.0,top
R61,92.35,-86.39,0.0,bottom
R63,88.74,-66.58,180.0,bottom
R64,82.67,-66.61,0.0,bottom
R66,92.35,-89.4,0.0,bottom
R68,88.735,-65.1,180.0,bottom
R69,82.67,-65.14,0.0,bottom
R7,102.93,-55.93,270.0,top
R8,73.195,-90.3,180.0,top
R9,84.35,-44.125,270.0,bottom
S1,66.3858,-73.64865,90.0,top
S4,87.2608,-87.91865,90.0,top
S6,93.6158,-87.93865,90.0,top
TP1,112.0,-38.25,0.0,top
TP11,76.83,-50.97,0.0,top
TP12,41.16,-93.97,0.0,top
TP13,101.93,-63.19,0.0,top
TP14,103.39,-36.73,0.0,top
TP15,37.1,-93.97,0.0,top
TP16,99.85,-63.19,0.0,top
TP17,100.85,-36.73,0.0,top
TP18,35.07,-93.97,0.0,top
TP19,117.56,-54.26,0.0,top
TP2,63.5,-44.52,180.0,top
TP20,38.78,-87.01,0.0,top
TP21,98.3,-36.73,0.0,top
TP22,36.76,-87.02,0.0,top
TP23,39.12,-93.97,0.0,top
TP24,40.82,-87.01,0.0,top
TP25,51.68,-83.55,0.0,top
TP26,49.33,-83.55,0.0,top
TP27,106.95,-38.25,0.0,top
TP28,57.425,-64.25,0.0,top
TP29,54.325,-64.25,0.0,top
TP30,118.75,-45.36,0.0,top
TP31,118.8,-42.76,0.0,top
TP32,118.87,-40.22,0.0,top
TP33,44.9,-57.32,0.0,top
TP34,118.87,-37.68,0.0,top
TP35,117.41,-60.59,0.0,top
TP36,117.55,-57.09,0.0,top
TP37,113.77,-66.16,0.0,top
TP38,117.91,-68.02,0.0,top
TP39,36.67,-65.33,0.0,top
TP4,75.04,-45.59,0.0,top
TP40,36.68,-55.97,0.0,top
TP41,44.78,-67.735,0.0,top
TP42,60.42,-67.725,0.0,top
TP43,40.25,-36.35,0.0,top
TP44,86.4,-40.6,0.0,top
TP45,89.9,-40.6,0.0,top
TP46,93.35,-40.6,0.0,top
TP47,39.31,-43.25,0.0,top
TP48,53.2,-78.2,0.0,top
TP49,117.91,-70.52,0.0,top
TP50,117.91,-73.02,0.0,top
TP51,117.91,-75.52,0.0,top
TP52,118.75,-47.84,0.0,top
TP6,109.5,-38.25,0.0,top
TP7,60.92,-44.5,180.0,top
TP8,76.83,-48.94,0.0,top
U1,67.14,-56.6,180.0,top
U10,108.02,-58.71,90.0,top
U11,108.17995,-83.815001,0.0,top
U12,108.13,-84.25,180.0,top
U13,79.37,-40.435,180.0,top
U14,112.36,-58.86,0.0,top
U15,85.9,-70.5,180.0,top
U2,42.62,-60.25,90.0,top
U3,42.04,-50.75,180.0,top
U4,57.8225,-73.165,90.0,top
U5,31.045,-75.015,270.0,top
U6,48.0,-38.79,270.0,top
U7,108.48,-71.33,0.0,top
U8,69.06,-88.7785,270.0,top
U9,71.63,-40.9085,90.0,top
Y1,63.63,-67.51,90.0,top
